<?xml version="1.0" encoding="UTF-8"?>
<config xmlns="http://www.sourceid.org/2004/05/config">
    <!--Dsig keystore information: name and password-->
    <item name="DsigKeystoreName">ping-dsig.jks</item>
    <item name="DsigKeystorePassword">eyJhbGciOiJkaXIiLCJlbmMiOiJBMTI4Q0JDLUhTMjU2Iiwia2lkIjoiYlAzR0ZYdEg1WCIsInZlcnNpb24iOiIxMC4xLjAuOCJ9..aj-VX8uZDoQTdjRKqDtbvQ.EMfqCLTI4BwLMLge2clvi_8SHOmvAXtmhx6nNOb74so.nNAiUy34OsnvpCTXOqG0tQ</item>
    <!--Do not modify-->
    <item name="DsigKeystoreType2">default</item>
    <!--Map of Dsig keystore aliases to passwords; the system uses this map
     to open private keys for generating signatures, X509
     authentication, etc. For each item, the name of the item maps
     to the alias of a private key, and the value of the item is the
     password to that particular key.-->
    <map name="DsigPrivateKeyPasswords">
        <item name="signing-cert">eyJhbGciOiJkaXIiLCJlbmMiOiJBMTI4Q0JDLUhTMjU2Iiwia2lkIjoiYlAzR0ZYdEg1WCIsInZlcnNpb24iOiIxMC4xLjAuOCJ9..Znm5vS0nMUXdpoGd3gVALg.lcKV36nukuYEYXLkpMB2Q3XxVITQ5PO8BIH5SpdbphM.Kp-w9DLNUsUimCVoFcUsBQ</item>
        <item name="n0lns7a6l30jlsqu5pcxnef1x">eyJhbGciOiJkaXIiLCJlbmMiOiJBMTI4Q0JDLUhTMjU2Iiwia2lkIjoiYlAzR0ZYdEg1WCIsInZlcnNpb24iOiIxMC4xLjAuOCJ9..myz7upfKsEyNJVvZK89JGw.nejxTLk1AFUem4AaEI9FnNd6piU9yBvZBLDOjy9k58M.CaJ8NbiXN3o5tMdShEMI1A</item>
    </map>
    <!--DSIG HSM Keystore information: name and password-->
    <item name="DsigHSMKeystoreName">ping-dsig.hsmks</item>
    <item name="DsigHSMKeystorePassword"/>
    <item name="DsigHSMKeystoreType2">default</item>
    <!--Map of Dsig keystore aliases to passwords; the system uses this map
     to open private keys for generating signatures, X509
     authentication, etc. For each item, the name of the item maps
     to the alias of a private key and the value of the item is the
     password to that particular key-->
    <map name="DsigHSMPrivateKeyPasswords"></map>
    <!--SSL Keystore information: name and password-->
    <item name="SslKeystoreName">ping-ssl.jks</item>
    <item name="SslKeystorePassword">eyJhbGciOiJkaXIiLCJlbmMiOiJBMTI4Q0JDLUhTMjU2Iiwia2lkIjoiYlAzR0ZYdEg1WCIsInZlcnNpb24iOiIxMC4xLjAuOCJ9..-ISAV8617H6doihzibyvmg._ktFLQWL1TEkaSWWFzOkB4v3WLG9KY3vwcDQoPHNlGs.ozVB-dnJVR-e6uQg-3Sleg</item>
    <!--Do not modify-->
    <item name="SslKeystoreType2">default</item>
    <!--Map of SSL client auth keystore aliases to passwords; the system uses this map
     to open private keys for generating signatures, X509
     authentication, etc. For each item, the name of the item maps
     to the alias of a private key and the value of the item is the
     password to that particular key-->
    <map name="SslPrivateKeyPasswords"></map>
    <!--SSL HSM Keystore information: name and password-->
    <item name="SslHSMKeystoreName">ping-ssl.hsmks</item>
    <item name="SslHSMKeystorePassword"/>
    <!--Do not modify-->
    <item name="SslHSMKeystoreType2">default</item>
    <!--Map of SSL client auth keystore aliases to passwords; the system uses this map
     to open private keys for generating signatures, X509
     authentication, etc. For each item, the name of the item maps
     to the alias of a private key and the value of the item is the
     password to that particular key-->
    <map name="SslHSMPrivateKeyPasswords"></map>
    <!--SSL Server Keystore information: name and password-->
    <item name="SslServerKeystoreName">ping-ssl-server.jks</item>
    <item name="SslServerKeystorePassword">eyJhbGciOiJkaXIiLCJlbmMiOiJBMTI4Q0JDLUhTMjU2Iiwia2lkIjoiYlAzR0ZYdEg1WCIsInZlcnNpb24iOiIxMC4xLjAuOCJ9..JMCdMTFOBW_Kt6A1ZrTUDw._SpFhrIUjOsgHm0rYs4CIVgfToDDfm4w0Jvz6XP1ebw.uClZUgn5Y5mH_4WkUJWlRg</item>
    <!--Do not modify-->
    <item name="SslServerKeystoreType2">default</item>
    <!--Map of SSL Server keystore aliases to passwords; the system uses this map
         to open private keys for generating signatures, X509
         authentication, etc. For each item, the name of the item maps
         to the alias of a private key and the value of the item is the
         password to that particular key-->
    <map name="SslServerPrivateKeyPasswords">
        <item name="vgam2h5xceffegs6yvsy68rgr">eyJhbGciOiJkaXIiLCJlbmMiOiJBMTI4Q0JDLUhTMjU2Iiwia2lkIjoiYlAzR0ZYdEg1WCIsInZlcnNpb24iOiIxMC4xLjAuOCJ9..n0mtDdnQiKrdk-TQK4jdqw.nNjD4I-DqDHutpMm_lpGTBcUnPct2PRWEY1lFYz6g4c.yWod6rY5qWLW1UY6msD5XA</item>
    </map>
    <!--SSL HSM Server Keystore information: name and password-->
    <item name="SslServerHSMKeystoreName">ping-ssl-server.hsmks</item>
    <item name="SslServerHSMKeystorePassword"/>
    <!--Do not modify-->
    <item name="SslServerHSMKeystoreType2">default</item>
    <!--Map of SSL Server keystore aliases to passwords; the system uses this map
         to open private keys for generating signatures, X509
         authentication, etc. For each item, the name of the item maps
         to the alias of a private key and the value of the item is the
         password to that particular key-->
    <map name="SslServerHSMPrivateKeyPasswords"></map>
    <!--Truststore Keystore information: name and password-->
    <item name="TrustKeystoreName">ping-trust.jks</item>
    <item name="TrustKeystorePassword">eyJhbGciOiJkaXIiLCJlbmMiOiJBMTI4Q0JDLUhTMjU2Iiwia2lkIjoiYlAzR0ZYdEg1WCIsInZlcnNpb24iOiIxMC4xLjAuOCJ9..JODA5rk1JdRcVozsxC762w.oaV9MF2CQHIYBFV0Mb_v2Nft09519uU2hXZKZpHPTGk.aUWGyZHJuo9i4EdHf_tX4Q</item>
    <!--You can specify a key store type here. Available keystore types are
          JKS     - Java Keystore
          nCipher.sworld - nCipher keystore
          default - let the system select a keystore type for you. For Luna HSM 6, JKS is used.
                    For nCipher, nCipher.sworld is used. Otherwise, JKS is used-->
    <item name="TrustKeystoreType2">default</item>
    <!--Truststore HSM Keystore information: name and password-->
    <item name="TrustHSMKeystoreName">ping-trust.hsmks</item>
    <item name="TrustHSMKeystorePassword"/>
    <!--You can specify a key store type here. Available keystore types are
          JKS     - Java Keystore
          nCipher.sworld - nCipher keystore
          default - let the system select a keystore type for you. For Luna HSM 6, JKS is used.
                    For nCipher, nCipher.sworld is used. Otherwise, JKS is used-->
    <item name="TrustHSMKeystoreType2">default</item>
    <!--General keystore information: name and password-->
    <item name="GeneralKeystoreName">ping-general.jks</item>
    <item name="GeneralKeystorePassword">eyJhbGciOiJkaXIiLCJlbmMiOiJBMTI4Q0JDLUhTMjU2Iiwia2lkIjoiYlAzR0ZYdEg1WCIsInZlcnNpb24iOiIxMC4xLjAuOCJ9..QI4R3QDocFUBUnM9oa4wpQ.yk6oa6PEYZUm6lAxnc7FMJbWsqOgitLd6btQQVfw0MI.EDL3DOmweNmVacpWYTBTew</item>
    <!--Do not modify-->
    <item name="GeneralKeystoreType2">default</item>
    <!--Map of General keystore aliases to passwords; the system uses this map
     to open private keys for generating signatures, X509
     authentication, etc. For each item, the name of the item maps
     to the alias of a private key, and the value of the item is the
     password to that particular key.-->
    <map name="GeneralPrivateKeyPasswords">
        <item name="nzhp1ipryskrgi6bxt7to06bq">eyJhbGciOiJkaXIiLCJlbmMiOiJBMTI4Q0JDLUhTMjU2Iiwia2lkIjoiYlAzR0ZYdEg1WCIsInZlcnNpb24iOiIxMC4xLjAuOCJ9..qpsJV_YCubcz_azumpgdbw.N2d6amIXMWfQMOhBtlGz4d_NUivoE5YMRMNxEz7Qn0c.6QJoRVSWqrf4LNvZV_e5Fg</item>
    </map>
    <!--General HSM keystore information: name and password-->
    <item name="GeneralHSMKeystoreName">ping-general.hsmks</item>
    <item name="GeneralHSMKeystorePassword"/>
    <!--Do not modify-->
    <item name="GeneralHSMKeystoreType2">default</item>
    <!--Map of General keystore aliases to passwords; the system uses this map
     to open private keys for generating signatures, X509
     authentication, etc. For each item, the name of the item maps
     to the alias of a private key, and the value of the item is the
     password to that particular key.-->
    <map name="GeneralHSMPrivateKeyPasswords"></map>
</config>