<?xml version="1.0" encoding="UTF-8"?>
<con:config xmlns:con="http://www.sourceid.org/2004/05/config">
    <con:map name="IdpAuthnAdapterInstances">
        <con:item name="Kerberos">com.pingidentity.adapters.kerberos.idp.KerberosAuthenticationAdapter</con:item>
        <con:item name="PingID">com.pingidentity.adapters.pingid.PingIDAdapter</con:item>
        <con:item name="IDFirst">com.pingidentity.adapters.identifierfirst.idp.IdentifierFirstAdapter</con:item>
        <con:item name="HTMLForm">com.pingidentity.adapters.htmlform.idp.HtmlFormIdpAuthnAdapter</con:item>
    </con:map>
</con:config>