<?xml version="1.0" encoding="UTF-8"?>
<c:config xmlns:c="http://www.sourceid.org/2004/05/config">
    <c:item name="authnSessionGroupId">pf-authn-session-group-id</c:item>
    <c:item name="authnSessionGroupHashedSessionId">pf-authn-session-group-hashed-session-id</c:item>
    <c:item name="authnSessionGroupExpiryTime">pf-authn-session-group-expiry-time</c:item>
    <c:item name="authnSessionGroupLastActivityTime">pf-authn-session-group-last-activity-time</c:item>
    <c:item name="authnSessionGroupParentId">pf-authn-session-group-parent-id</c:item>
    <c:item name="authnSessionGroupMetdata">pf-authn-session-group-metadata</c:item>
    <c:item name="authnSessionGroupUserIds">pf-authn-session-group-user-ids</c:item>
    <c:item name="authnSessionAttributeHash">pf-authn-session-attribute-hash</c:item>
    <c:item name="authnSessionData">pf-authn-session-data</c:item>
    <!--Data store id-->
    <c:item name="PingFederateDSJNDIName">LDAP-PingDirectory</c:item>
    <!--LDAP search base. This should point to your Authentication Session location. Eg. OU=AuthenticationSessions,DC=example,DC=global-->
    <c:item name="SearchBase">ou=sessions,dc=workforce360.com</c:item>
</c:config>