<?xml version="1.0" encoding="UTF-8"?>
<con:config xmlns:con="http://www.sourceid.org/2004/05/config">
    <con:item name="ApplicationDockEndpoint">https://desktop.pingone.com/workmorg</con:item>
    <con:item name="ProvisioningBaseUrl">https://scim.connect.pingidentity.com/prov-service</con:item>
    <con:item name="KeyPairAlias">nzhp1ipryskrgi6bxt7to06bq</con:item>
    <con:item name="ClientId">eb01b765-34c2-4c3e-a0d1-e9cfa5ad8057</con:item>
    <con:item name="AccountId">7915b6d0-808b-4e54-8ac3-d14bf18d7e64</con:item>
    <con:item name="CompanyName">msmith+workforce@pingidentity.com</con:item>
    <con:item name="Associated">true</con:item>
</con:config>