<?xml version="1.0" encoding="UTF-8"?>
<urn:OpenIdConnectProviderPolicy enabled="true" defaultPolicyGroupId="OIDCPolicyDefault" trackUserSessionsForLogout="false" xmlns:urn="urn:pingidentity.com:pf:openid:connect:idp:policy">
    <urn:ProviderPolicyGroup policyId="OIDCPolicyDefault" idTokenLife="5" includeSriInIdToken="false" includeUserInfoInIdToken="false" includeSHashInIdToken="false" returnIdTokenOnRefreshGrant="false" policyName="Default OIDC Policy" accessTokenManagerId="jwtDefault">
        <urn:UserInfoMapping>
            <urn1:AttributeMap Name="sub" Type="Token" Value="sub" xmlns:urn1="urn:sourceid.org:saml2:metadata-extension:v2"/>
            <urn1:AttributeMap Name="address" Type="LDAP" AttributeSourceId="AD" Value="postalAddress" xmlns:urn1="urn:sourceid.org:saml2:metadata-extension:v2"/>
            <urn1:AttributeMap Name="phone_number" Type="LDAP" AttributeSourceId="AD" Value="telephoneNumber" xmlns:urn1="urn:sourceid.org:saml2:metadata-extension:v2"/>
            <urn1:AttributeMap Name="email" Type="LDAP" AttributeSourceId="AD" Value="mail" xmlns:urn1="urn:sourceid.org:saml2:metadata-extension:v2"/>
            <urn1:AttributeSource Id="AD" Description="AD" Type="LDAP" DataSourceId="LDAP-ActiveDirectory" xmlns:urn1="urn:sourceid.org:saml2:metadata-extension:v2">
                <urn1:Parameter Name="filter" Value="userPrincipalName=${sub}"/>
                <urn1:Parameter Name="search_base" Value="DC=morganping,DC=internal"/>
                <urn1:Parameter Name="search_scope" Value="SUBTREE_SCOPE"/>
                <urn1:Parameter Name="memberof_nested_group" Value="false"/>
                <urn1:BinaryAttributeEncoding Name="ms-ds-ConsistencyGUID" Encoding="BASE64"/>
            </urn1:AttributeSource>
            <urn1:TokenAuthorizationIssuanceCriteria xmlns:urn1="urn:sourceid.org:saml2:metadata-extension:v2"/>
        </urn:UserInfoMapping>
        <urn:scopeAttributesMap/>
        <urn:attributeContractInclusionMap/>
    </urn:ProviderPolicyGroup>
    <urn:ProviderPolicyGroup policyId="PingCentralPolicyDefault" idTokenLife="5" includeSriInIdToken="false" includeUserInfoInIdToken="false" includeSHashInIdToken="false" returnIdTokenOnRefreshGrant="false" policyName="PingCentral OIDC Policy" accessTokenManagerId="jwtDefault">
        <urn:UserInfoMapping>
            <urn1:AttributeMap Name="PingCentral-Role" Type="LDAP" AttributeSourceId="PD" Value="employeeType" xmlns:urn1="urn:sourceid.org:saml2:metadata-extension:v2"/>
            <urn1:AttributeMap Name="sub" Type="Token" Value="sub" xmlns:urn1="urn:sourceid.org:saml2:metadata-extension:v2"/>
            <urn1:AttributeMap Name="given_name" Type="LDAP" AttributeSourceId="PD" Value="givenName" xmlns:urn1="urn:sourceid.org:saml2:metadata-extension:v2"/>
            <urn1:AttributeMap Name="family_name" Type="LDAP" AttributeSourceId="PD" Value="sn" xmlns:urn1="urn:sourceid.org:saml2:metadata-extension:v2"/>
            <urn1:AttributeMap Name="email" Type="LDAP" AttributeSourceId="PD" Value="mail" xmlns:urn1="urn:sourceid.org:saml2:metadata-extension:v2"/>
            <urn1:AttributeSource Id="PD" Description="PD" Type="LDAP" DataSourceId="LDAP-PingDirectory" xmlns:urn1="urn:sourceid.org:saml2:metadata-extension:v2">
                <urn1:Parameter Name="filter" Value="uid=${sub}"/>
                <urn1:Parameter Name="search_base" Value="dc=workforce360.com"/>
                <urn1:Parameter Name="search_scope" Value="SUBTREE_SCOPE"/>
                <urn1:Parameter Name="memberof_nested_group" Value="false"/>
            </urn1:AttributeSource>
            <urn1:TokenAuthorizationIssuanceCriteria xmlns:urn1="urn:sourceid.org:saml2:metadata-extension:v2"/>
        </urn:UserInfoMapping>
        <urn:scopeAttributesMap/>
        <urn:attributeContractInclusionMap/>
    </urn:ProviderPolicyGroup>
</urn:OpenIdConnectProviderPolicy>