<?xml version="1.0" encoding="UTF-8"?>
<ldap:ldap-sources xmlns:ldap="http://pingidentity.com/2004/09/ldap-ds">
    <ldap:ldap-source id="LDAP-PingDirectory" maskAttributeValues="false" ldapType="PingDirectory" ldapTypeDesc="PingDirectory" testOnBorrow="false" testOnReturn="false" createIfNecessary="true" minIdle="10" maxActive="100" maxWait="-1" timeBetweenEvictionRunsMillis="60000" readTimeoutMillis="3000" connTimeoutMillis="3000" verifyHost="true" dnsTtlMillis="60000" ldapDnsSrvPrefix="_ldap._tcp" ldapsDnsSrvPrefix="_ldaps._tcp">
        <ldap:host>pingdirectory</ldap:host>
        <ldap:principal>cn=pingfederate</ldap:principal>
        <ldap:use-ssl>false</ldap:use-ssl>
        <ldap:use-dns-srv-records>false</ldap:use-dns-srv-records>
        <ldap:ad-referral>false</ldap:ad-referral>
        <ldap:credentials>eyJhbGciOiJkaXIiLCJlbmMiOiJBMTI4Q0JDLUhTMjU2Iiwia2lkIjoiYlAzR0ZYdEg1WCIsInZlcnNpb24iOiIxMC4xLjAuOCJ9..46xosszc_4sdCpTVwXnT-A.OgmvvncZFp8airL0ATjqww.adJdEa7SrA3T8G4Fi_X9wg</ldap:credentials>
        <ldap:authenticationMeth>simple</ldap:authenticationMeth>
        <ldap:description>pingdirectory</ldap:description>
        <ldap:name>PingDirectory</ldap:name>
        <ldap:binaryAttributes/>
        <ldap:ldapHostTagList>
            <ldap:tagEntry host="pingdirectory" tags=""/>
        </ldap:ldapHostTagList>
    </ldap:ldap-source>
    <ldap:ldap-source id="LDAP-ActiveDirectory" maskAttributeValues="false" ldapType="ActiveDirectory" ldapTypeDesc="Active Directory" testOnBorrow="false" testOnReturn="false" createIfNecessary="true" minIdle="10" maxActive="100" maxWait="-1" timeBetweenEvictionRunsMillis="60000" readTimeoutMillis="3000" connTimeoutMillis="3000" verifyHost="false" dnsTtlMillis="60000" ldapDnsSrvPrefix="_ldap._tcp" ldapsDnsSrvPrefix="_ldaps._tcp">
        <ldap:host>10.101.44.201</ldap:host>
        <ldap:principal>CN=Administrator,CN=Users,DC=morganping,DC=internal</ldap:principal>
        <ldap:use-ssl>false</ldap:use-ssl>
        <ldap:use-dns-srv-records>false</ldap:use-dns-srv-records>
        <ldap:ad-referral>false</ldap:ad-referral>
        <ldap:credentials>eyJhbGciOiJkaXIiLCJlbmMiOiJBMTI4Q0JDLUhTMjU2Iiwia2lkIjoiYlAzR0ZYdEg1WCIsInZlcnNpb24iOiIxMC4xLjAuOCJ9..SkazjbyDswLcLqt9Tl88PA.OZkK64X7wnY-FMqCuY9knQ.P43wRMUS3Rf17YsEmgibQA</ldap:credentials>
        <ldap:authenticationMeth>simple</ldap:authenticationMeth>
        <ldap:description>10.101.44.201</ldap:description>
        <ldap:name>AD</ldap:name>
        <ldap:binaryAttributes>
            <ldap:binaryAttribute>ms-ds-ConsistencyGUID</ldap:binaryAttribute>
        </ldap:binaryAttributes>
        <ldap:ldapHostTagList>
            <ldap:tagEntry host="10.101.44.201" tags=""/>
        </ldap:ldapHostTagList>
    </ldap:ldap-source>
</ldap:ldap-sources>