<?xml version="1.0" encoding="UTF-8"?>
<ker:KerberosRealmsSettings xmlns:ker="http://pingidentity.com/2012/01/kerberos-realms">
    <ker:KerberosRealms>
        <ker:KerberosRealm id="KERB-Workforce">
            <ker:kerberosRealmName>{{adKerbRealm}}</ker:kerberosRealmName>
            <ker:keyDistributionCenters>
                <ker:keyDistributionCenter>10.101.44.201</ker:keyDistributionCenter>
            </ker:keyDistributionCenters>
            <ker:kerberosUsername>pingfederate</ker:kerberosUsername>
            <ker:kerberosPassword>eyJhbGciOiJkaXIiLCJlbmMiOiJBMTI4Q0JDLUhTMjU2Iiwia2lkIjoiYlAzR0ZYdEg1WCIsInZlcnNpb24iOiIxMC4xLjAuOCJ9.._lro0EDKDQnyVU5C0XgUZg.udadtACYYSAVH1dRVL2rCMGN28oRxgQJhWry4nR1PGM._3akwoVZQVGyjQvVbDP3FA</ker:kerberosPassword>
            <ker:suppressDomainNameConcatenation>false</ker:suppressDomainNameConcatenation>
        </ker:KerberosRealm>
    </ker:KerberosRealms>
    <ker:KdcTimeout>3000</ker:KdcTimeout>
    <ker:KdcRetries>3</ker:KdcRetries>
    <ker:ForceTcp>false</ker:ForceTcp>
    <ker:Debug>false</ker:Debug>
</ker:KerberosRealmsSettings>