<?xml version="1.0" encoding="UTF-8"?>
<urn:PluginConfiguration isInheritExtendedContractAttributes="false" name="AuthN Experience" xmlns:urn="urn:sourceid.org:saml2:adapter:conf">
    <urn:Fields>
        <urn:Field name="Extended Property">authNexp</urn:Field>
    </urn:Fields>
    <urn:AdvancedFields/>
    <urn:Tables/>
    <urn:ExtendedContractAttributes>
        <urn:AttributeName>Basic</urn:AttributeName>
        <urn:AttributeName>Kerberos</urn:AttributeName>
        <urn:AttributeName>Passwordless</urn:AttributeName>
    </urn:ExtendedContractAttributes>
</urn:PluginConfiguration>